<?xml version="1.0" encoding="UTF-8"?>
<!DOCTYPE suite SYSTEM "https://testng.org/testng-1.0.dtd">
<suite name="Suite" parallel="tests" thread-count="2"> 
<listeners>
<listener class-name = "utilities.PDFReport"></listener>
<listener class-name = "DriverManagement.Listeners"/>
</listeners>

  <test thread-count="5" name="Test">
   <parameter name="browser"  value="FIREFOX" />
    <classes>
      <class name="EcommerceTests.RegistrationTest"/>
      
    </classes>
  </test> <!-- Test -->
</suite> <!-- Suite -->
